,Prediction,Gold,ASR_BLEU
0,first one is dedicated to saint benedict and to possessions,the third day is dedicated to st george a day of processions,BLEU = 12.79 30.0/22.2/12.5/7.1 (BP = 0.819 ratio = 0.833 hyp_len = 10 ref_len = 12)
1,he received orders for this action,they were awarded two prizes for that performance,BLEU = 5.82 16.7/10.0/6.2/4.2 (BP = 0.717 ratio = 0.750 hyp_len = 6 ref_len = 8)
2,his spirituality was intense and he left in his majority only the bible,his spirituality was intense and he read mostly the bible only,BLEU = 44.08 69.2/50.0/36.4/30.0 (BP = 1.000 ratio = 1.182 hyp_len = 13 ref_len = 11)
3,the species is known simply as the spear or amazon simply as the spear,this species is known simply as suspiro ramoso or simply as suspiro,BLEU = 31.61 57.1/38.5/25.0/18.2 (BP = 1.000 ratio = 1.167 hyp_len = 14 ref_len = 12)
4,cascade is about the entrance of the cave,a waterfall falls upon the entrance to the cave,BLEU = 13.78 50.0/28.6/8.3/5.0 (BP = 0.882 ratio = 0.889 hyp_len = 8 ref_len = 9)
5,enters in the cycle,you enter in this whore cycle,BLEU = 11.52 50.0/16.7/12.5/12.5 (BP = 0.607 ratio = 0.667 hyp_len = 4 ref_len = 6)
6,it is necessary that you can be translated to another place where you consider the organization,it means that they can be moved to another place at the discretion of the organization,BLEU = 14.25 56.2/26.7/7.1/3.8 (BP = 1.000 ratio = 1.000 hyp_len = 16 ref_len = 16)
7,it belongs to the church of the demand in the centre of the infants,it belongs to sierra de la demanda town which has its capital seat at sala de los infantes,BLEU = 7.94 21.4/15.4/8.3/4.5 (BP = 0.751 ratio = 0.778 hyp_len = 14 ref_len = 18)
8,our comedies and the spanish intrigues were surgical,the italian comedy commedia dell arte and the spanish interludes came into existence,BLEU = 11.00 37.5/28.6/16.7/10.0 (BP = 0.535 ratio = 0.615 hyp_len = 8 ref_len = 13)
9,society appears to be divided into fundamentalists reformers and legists,the society is divided into fundamentalists reformists and secular,BLEU = 17.75 50.0/22.2/12.5/7.1 (BP = 1.000 ratio = 1.111 hyp_len = 10 ref_len = 9)
10,he was the co ordinator of independent poses and infant infant,she was the coordinator of independent workshops of poetry and children stories,BLEU = 10.23 45.5/20.0/5.6/3.1 (BP = 0.913 ratio = 0.917 hyp_len = 11 ref_len = 12)
11,spiritism,the spirit is on the head,BLEU = 0.00 0.0/0.0/0.0/0.0 (BP = 0.007 ratio = 0.167 hyp_len = 1 ref_len = 6)
12,once adult the brilliance of the colors is intense,as an adult the brightness of the colors fades,BLEU = 22.32 55.6/37.5/14.3/8.3 (BP = 1.000 ratio = 1.000 hyp_len = 9 ref_len = 9)
13,has the iroquois river a river or a river,uruguay river basin golden stream and fortress stream,BLEU = 4.77 11.1/6.2/3.6/2.1 (BP = 1.000 ratio = 1.125 hyp_len = 9 ref_len = 8)
14,there are few bastards,a word to the wise is enough,BLEU = 0.00 0.0/0.0/0.0/0.0 (BP = 0.472 ratio = 0.571 hyp_len = 4 ref_len = 7)
15,he made amends anita had his son stanley and amanda,he married amanda nieto and had two children stanley and amanda,BLEU = 16.06 50.0/22.2/12.5/7.1 (BP = 0.905 ratio = 0.909 hyp_len = 10 ref_len = 11)
16,he was a professor in a school located in trodham,he was a teacher in a school in trondheim,BLEU = 27.30 70.0/44.4/25.0/7.1 (BP = 1.000 ratio = 1.111 hyp_len = 10 ref_len = 9)
17,you cant supervise it if you do it you can do it directly,not being able to overcome the decline they had to get down immediately,BLEU = 0.00 0.0/0.0/0.0/0.0 (BP = 1.000 ratio = 1.000 hyp_len = 13 ref_len = 13)
18,he promoted administrative reforms and created a more receptive mania to foreign interests,by proclaiming appropriate political reforms he made burma receptive to international affairs,BLEU = 4.37 30.8/4.2/2.3/1.2 (BP = 1.000 ratio = 1.083 hyp_len = 13 ref_len = 12)
19,the other suffers from annihilation and during this time his love was brandished,beba has amnesia and during this time her love for brando grows,BLEU = 20.45 38.5/25.0/18.2/10.0 (BP = 1.000 ratio = 1.083 hyp_len = 13 ref_len = 12)
20,he was culpable in his regressed aroma,he was found guilty upon his return to rome,BLEU = 10.92 42.9/16.7/10.0/6.2 (BP = 0.751 ratio = 0.778 hyp_len = 7 ref_len = 9)
21,he is currantly a catalogue of the super municipality,it is currently mayor of the municipality of sucre,BLEU = 11.34 44.4/12.5/7.1/4.2 (BP = 1.000 ratio = 1.000 hyp_len = 9 ref_len = 9)
22,each one of them used the initials of their concert,each of them would use the initials of their spouses,BLEU = 32.47 70.0/44.4/25.0/14.3 (BP = 1.000 ratio = 1.000 hyp_len = 10 ref_len = 10)
23,the parochial life and the mandate are very similar to one another,there are strong bonds in parish life and in the brotherhood,BLEU = 8.05 33.3/9.1/5.0/2.8 (BP = 1.000 ratio = 1.091 hyp_len = 12 ref_len = 11)
24,or if that was offered by the valencia deputation,this work was funded by the provincial department of valencia,BLEU = 10.15 44.4/12.5/7.1/4.2 (BP = 0.895 ratio = 0.900 hyp_len = 9 ref_len = 10)
25,has its name,its based in mcallen,BLEU = 19.72 33.3/25.0/25.0/0.0 (BP = 0.717 ratio = 0.750 hyp_len = 3 ref_len = 4)
26,he could sing but for some parts his voice was not sufficiently good,ann knew how to sing but her voice was not good enough for some parts,BLEU = 19.40 69.2/41.7/18.2/5.0 (BP = 0.857 ratio = 0.867 hyp_len = 13 ref_len = 15)
27,experimented with luminous effects and accentuation of profundity in these levels,they carried out experiments by using light effects and by highlighting deep backgrounds at these level,BLEU = 5.27 27.3/10.0/5.6/3.1 (BP = 0.635 ratio = 0.688 hyp_len = 11 ref_len = 16)
28,is between a period of two or three years in contact with the public,hes one of the journalists who spend the most time in contact with the audience,BLEU = 17.50 35.7/23.1/16.7/9.1 (BP = 0.931 ratio = 0.933 hyp_len = 14 ref_len = 15)
29,the recruits may be used for the use of vehicles,the recruits improved their ability to drive vehicles,BLEU = 9.29 30.0/11.1/6.2/3.6 (BP = 1.000 ratio = 1.250 hyp_len = 10 ref_len = 8)
30,the english language historian,its a historicist speaking church,BLEU = 0.00 0.0/0.0/0.0/0.0 (BP = 0.779 ratio = 0.800 hyp_len = 4 ref_len = 5)
31,he was a private and private actor,he worked in the public and private sectors,BLEU = 12.60 42.9/16.7/10.0/6.2 (BP = 0.867 ratio = 0.875 hyp_len = 7 ref_len = 8)
32,apparently he is in the deportment of union of power,currently he coaches union deportiva fraga,BLEU = 4.99 20.0/5.6/3.1/1.8 (BP = 1.000 ratio = 1.667 hyp_len = 10 ref_len = 6)
33,we must use systems of the following,the two most frequently used systems are the following ones,BLEU = 9.47 42.9/16.7/10.0/6.2 (BP = 0.651 ratio = 0.700 hyp_len = 7 ref_len = 10)
34,the contractor started with the use of arms,with heavy weaponry it prepared its counterattack,BLEU = 5.52 12.5/7.1/4.2/2.5 (BP = 1.000 ratio = 1.143 hyp_len = 8 ref_len = 7)
35,im president of the show,their current president is mrs,BLEU = 10.68 20.0/12.5/8.3/6.2 (BP = 1.000 ratio = 1.000 hyp_len = 5 ref_len = 5)
36,is the current past of the mystery that completed in the following years,the first mystery series which would be completed in the following years is launched these days,BLEU = 25.82 61.5/33.3/27.3/20.0 (BP = 0.794 ratio = 0.812 hyp_len = 13 ref_len = 16)
37,in his first example he appeared the type of a quadrumana always is notified,the very first copy was entitled osorno is in the headlines all the time,BLEU = 4.02 28.6/3.8/2.1/1.1 (BP = 1.000 ratio = 1.000 hyp_len = 14 ref_len = 14)
38,nicolas was master of the island of megrims,nicolas was a native of the island of negroponte,BLEU = 36.28 75.0/57.1/33.3/20.0 (BP = 0.882 ratio = 0.889 hyp_len = 8 ref_len = 9)
39,this energy necessitated,this net power gain would cause heating,BLEU = 7.25 33.3/25.0/25.0/0.0 (BP = 0.264 ratio = 0.429 hyp_len = 3 ref_len = 7)
40,the fruits can be nourished,as per roman law benefits can be either organic or civil,BLEU = 6.43 40.0/25.0/16.7/12.5 (BP = 0.301 ratio = 0.455 hyp_len = 5 ref_len = 11)
41,brother and his companions did not do it,neither their brother nor their partners doubted about it,BLEU = 5.80 25.0/7.1/4.2/2.5 (BP = 0.882 ratio = 0.889 hyp_len = 8 ref_len = 9)
42,the iroquois league of football play is always disputed during the war,the uruguayan beach soccer league was always played in summer,BLEU = 4.46 25.0/4.5/2.5/1.4 (BP = 1.000 ratio = 1.200 hyp_len = 12 ref_len = 10)
43,in this way the intercession by has been allowed to increase its competitiveness in sustainable ways,in this way the interoceanic route has managed to increment competitiveness in a sustainable way,BLEU = 20.15 56.2/26.7/14.3/7.7 (BP = 1.000 ratio = 1.067 hyp_len = 16 ref_len = 15)
44,it is essentially frankness,in essence the population is french speaker,BLEU = 7.55 25.0/16.7/12.5/12.5 (BP = 0.472 ratio = 0.571 hyp_len = 4 ref_len = 7)
45,in the afternoon there was a row of light and juvenile lights very alive and very happy,a ray of sunshine so playful alive and joyful penetrated in the bedroom,BLEU = 7.16 35.3/12.5/3.3/1.8 (BP = 1.000 ratio = 1.308 hyp_len = 17 ref_len = 13)
46,he studied at the trinity college of cambridge united states,they studied law at the trinity college in cambridge reino unido,BLEU = 26.31 60.0/33.3/25.0/14.3 (BP = 0.905 ratio = 0.909 hyp_len = 10 ref_len = 11)
47,storm is going on in the cold,the storm brings us the coolness,BLEU = 7.81 28.6/8.3/5.0/3.1 (BP = 1.000 ratio = 1.167 hyp_len = 7 ref_len = 6)
48,the council celebrated this feast in september,on september the council holds its festivities,BLEU = 14.54 42.9/16.7/10.0/6.2 (BP = 1.000 ratio = 1.000 hyp_len = 7 ref_len = 7)
49,see if there is no knight,lets see if tonight snows,BLEU = 16.23 33.3/20.0/12.5/8.3 (BP = 1.000 ratio = 1.200 hyp_len = 6 ref_len = 5)
50,ive a snugglers knuckle replaces the painting bowls of the reels,however chucky replaces the paint bullets on the weapons with real munitions,BLEU = 7.57 27.3/10.0/5.6/3.1 (BP = 0.913 ratio = 0.917 hyp_len = 11 ref_len = 12)
51,the timosco or parcaeus,the kiosk or parque a díaz,BLEU = 11.52 50.0/16.7/12.5/12.5 (BP = 0.607 ratio = 0.667 hyp_len = 4 ref_len = 6)
52,we started working as a lawyer with the future president romayne,moon started working as a lawyer with the future president roh moo hyun,BLEU = 65.54 81.8/80.0/77.8/75.0 (BP = 0.834 ratio = 0.846 hyp_len = 11 ref_len = 13)
53,i admire and admire a japanese culture,she was knowledgeable and admirer of the japanese culture,BLEU = 10.92 42.9/16.7/10.0/6.2 (BP = 0.751 ratio = 0.778 hyp_len = 7 ref_len = 9)
54,sarah left the group in the evening,sara left the group in april,BLEU = 41.11 57.1/50.0/40.0/25.0 (BP = 1.000 ratio = 1.167 hyp_len = 7 ref_len = 6)
55,however the public as well as the critic excite very well the opera,the opera received very good reviews both from the public and the critics,BLEU = 9.67 46.2/16.7/4.5/2.5 (BP = 1.000 ratio = 1.000 hyp_len = 13 ref_len = 13)
56,it was buried together with ranee in the familiar pantheon of peaches and oriel,she was buried next to ronnie on the petersons family pantheon in orebro,BLEU = 7.14 35.7/7.7/4.2/2.3 (BP = 1.000 ratio = 1.077 hyp_len = 14 ref_len = 13)
57,of course its the most genital,actually you are too cool,BLEU = 0.00 0.0/0.0/0.0/0.0 (BP = 1.000 ratio = 1.200 hyp_len = 6 ref_len = 5)
58,besides he concluded the works of the seminary of yosemite and the narrator,in addition he completed the work on the diocesan seminary and inaugurated it,BLEU = 4.62 38.5/4.2/2.3/1.2 (BP = 1.000 ratio = 1.000 hyp_len = 13 ref_len = 13)
59,his origins economy was based on the lack of vacuum,in its origins the economy was based on raising dairy cattle,BLEU = 26.31 60.0/33.3/25.0/14.3 (BP = 0.905 ratio = 0.909 hyp_len = 10 ref_len = 11)
60,is a large scale designed and created as the element of society,its a place of a huge scale designed and created as an element of the society,BLEU = 28.56 83.3/45.5/30.0/22.2 (BP = 0.717 ratio = 0.750 hyp_len = 12 ref_len = 16)
61,to celebrate the victory he sacrificed one of these two homages,he sacrificed twelve oxen in honor of zeus to celebrate victory,BLEU = 11.73 54.5/20.0/5.6/3.1 (BP = 1.000 ratio = 1.000 hyp_len = 11 ref_len = 11)
62,the century fernando de silvas contraband against the poor bones,the count fernando de silva rebelled against the bourbons in the century,BLEU = 11.90 60.0/33.3/6.2/3.6 (BP = 0.819 ratio = 0.833 hyp_len = 10 ref_len = 12)
63,on the other hand it is done with an authenticity due to be in any pedestal style,the authenticity of some others is open to doubt due to their lack of purely epistolary style,BLEU = 6.02 35.3/6.2/3.3/1.8 (BP = 1.000 ratio = 1.000 hyp_len = 17 ref_len = 17)
64,is characterized by the use of a determined red color,it is characterized by the use of a certain pink color,BLEU = 59.78 80.0/66.7/62.5/57.1 (BP = 0.905 ratio = 0.909 hyp_len = 10 ref_len = 11)
65,he have a patio,we dont have a dog but we do have a patio,BLEU = 10.33 75.0/66.7/50.0/50.0 (BP = 0.174 ratio = 0.364 hyp_len = 4 ref_len = 11)
66,there were only one thousand copies of the parties between executives and periodists,they only made one thousand copies which were shared among followers and reporters,BLEU = 13.67 46.2/16.7/9.1/5.0 (BP = 1.000 ratio = 1.000 hyp_len = 13 ref_len = 13)
67,this left the last,he rejected with anger the ultimatum,BLEU = 9.69 25.0/16.7/12.5/12.5 (BP = 0.607 ratio = 0.667 hyp_len = 4 ref_len = 6)
68,investigation was based on its duration,the investigation was based on their sworn affidavits,BLEU = 36.41 66.7/60.0/50.0/33.3 (BP = 0.717 ratio = 0.750 hyp_len = 6 ref_len = 8)
69,ham was pending,bendicion de campos,BLEU = 0.00 0.0/0.0/0.0/0.0 (BP = 1.000 ratio = 1.000 hyp_len = 3 ref_len = 3)
70,that time many people moved to lisbon,during that time a lot of people moved to lisbon,BLEU = 31.85 85.7/66.7/40.0/25.0 (BP = 0.651 ratio = 0.700 hyp_len = 7 ref_len = 10)
71,and supervision of the species,its survival of the species,BLEU = 39.76 60.0/50.0/33.3/25.0 (BP = 1.000 ratio = 1.000 hyp_len = 5 ref_len = 5)
72,there are no specific treatments,and there are no specific treatments,BLEU = 81.87 100.0/100.0/100.0/100.0 (BP = 0.819 ratio = 0.833 hyp_len = 5 ref_len = 6)
73,the bashafur their gothic and venice and the selims,on the ground floor gothic and renaissance elements are mixed,BLEU = 9.44 33.3/12.5/7.1/4.2 (BP = 0.895 ratio = 0.900 hyp_len = 9 ref_len = 10)
74,he has to acquire numerous research projects then as by civic institutions,they have conducted several investigation projects financed by different public institutions,BLEU = 4.46 25.0/4.5/2.5/1.4 (BP = 1.000 ratio = 1.091 hyp_len = 12 ref_len = 11)
75,however my intervention was incommoded by all the columbians,unfortunately i dont like this kind of procedure and it bothers most colombians,BLEU = 0.00 0.0/0.0/0.0/0.0 (BP = 0.641 ratio = 0.692 hyp_len = 9 ref_len = 13)
76,psalm written by jor is described as an inspiration,jojos written song track is described as an uplifting hymn,BLEU = 28.24 55.6/37.5/28.6/16.7 (BP = 0.895 ratio = 0.900 hyp_len = 9 ref_len = 10)
77,swedish government assumed the debts of the banks,the swedish government took on the banks debt,BLEU = 16.52 62.5/28.6/8.3/5.0 (BP = 1.000 ratio = 1.000 hyp_len = 8 ref_len = 8)
78,from the broncho complications lewis decided to move from santiago to concord,due to bronchi complications lobos decided to move from santiago to concon,BLEU = 43.36 58.3/45.5/40.0/33.3 (BP = 1.000 ratio = 1.000 hyp_len = 12 ref_len = 12)
79,i ought to write one with final felicity but i cant read,i wanted to write something with a happy ending as much as that can be unreal,BLEU = 5.77 33.3/9.1/5.0/2.8 (BP = 0.717 ratio = 0.750 hyp_len = 12 ref_len = 16)
80,the animated forebodings of his crustaceans all over cameron and cephalopho,they eat a wide range of fishes crustaceans mainly prawns and cephalopods,BLEU = 4.50 27.3/5.0/2.8/1.6 (BP = 0.913 ratio = 0.917 hyp_len = 11 ref_len = 12)
81,presently this albuminous catalogue data,currently we have discontinued this album,BLEU = 8.75 20.0/12.5/8.3/6.2 (BP = 0.819 ratio = 0.833 hyp_len = 5 ref_len = 6)
82,player can win and help the factions in his battles,the player will be able to join and help with the factions in their battles,BLEU = 12.96 70.0/33.3/12.5/7.1 (BP = 0.607 ratio = 0.667 hyp_len = 10 ref_len = 15)
83,parties played in the car,they played the games in macao,BLEU = 11.51 60.0/12.5/8.3/6.2 (BP = 0.819 ratio = 0.833 hyp_len = 5 ref_len = 6)
84,please stop five minutes,the police took five minutes to appear,BLEU = 15.09 50.0/33.3/25.0/25.0 (BP = 0.472 ratio = 0.571 hyp_len = 4 ref_len = 7)
85,is located between the tree and the punt and the remedios,it is located between triana bridge and remedios bridge,BLEU = 15.85 45.5/20.0/11.1/6.2 (BP = 1.000 ratio = 1.222 hyp_len = 11 ref_len = 9)
86,i ought to be with them do you think sir,i want to talk to them okay,BLEU = 5.52 30.0/5.6/3.1/1.8 (BP = 1.000 ratio = 1.429 hyp_len = 10 ref_len = 7)
87,we support the cases of people that are members of them,lets suppose the cases of sets which are members of themselves,BLEU = 23.46 54.5/40.0/22.2/6.2 (BP = 1.000 ratio = 1.000 hyp_len = 11 ref_len = 11)
88,the mansion has a sanctuary that is supposed to mark it,the mountain has a sanctuary that supposedly marks his graveyard,BLEU = 24.81 45.5/30.0/22.2/12.5 (BP = 1.000 ratio = 1.100 hyp_len = 11 ref_len = 10)
89,he is married to missus bardell to rowan and father of six children,he is currently married with isis peralta rolon fathering six kids,BLEU = 7.35 30.8/8.3/4.5/2.5 (BP = 1.000 ratio = 1.182 hyp_len = 13 ref_len = 11)
90,even with lydias eloquence jesus has written the song of multiplication,jesusa has written the lyrics of a lot of songs together with liliana,BLEU = 13.22 45.5/20.0/11.1/6.2 (BP = 0.834 ratio = 0.846 hyp_len = 11 ref_len = 13)
91,hes mainly known fitzpiers solaced,he is mostly known because of his career as a soloist,BLEU = 3.22 20.0/12.5/8.3/6.2 (BP = 0.301 ratio = 0.455 hyp_len = 5 ref_len = 11)
92,administrative division is composed by five provinces each with its provincial superior,the administrative division is made of five provinces each with its provincial superior,BLEU = 58.34 83.3/72.7/60.0/44.4 (BP = 0.920 ratio = 0.923 hyp_len = 12 ref_len = 13)
93,however this classification is not used extensively,however this classification is still widely used,BLEU = 43.47 71.4/50.0/40.0/25.0 (BP = 1.000 ratio = 1.000 hyp_len = 7 ref_len = 7)
94,he was determined to become artist,he was determined to be any kind of artist,BLEU = 32.59 83.3/60.0/50.0/33.3 (BP = 0.607 ratio = 0.667 hyp_len = 6 ref_len = 9)
95,mediaeval wars are resumed in ascetics and wars,the medieval wars can be resumed in harassment and war of attrition,BLEU = 7.97 50.0/14.3/8.3/5.0 (BP = 0.607 ratio = 0.667 hyp_len = 8 ref_len = 12)
96,he was married in his church where he would be married years later,years later they would get married at that church,BLEU = 7.77 38.5/8.3/4.5/2.5 (BP = 1.000 ratio = 1.444 hyp_len = 13 ref_len = 9)
97,they have one of the most elevated peaks of the country,it has one of the highest peaks of the town,BLEU = 23.46 54.5/40.0/22.2/6.2 (BP = 1.000 ratio = 1.100 hyp_len = 11 ref_len = 10)
98,to the communications however it is independent of the amount of information received omitted,apart from this in the telecommunications field it is independent of the amount of information received or sent,BLEU = 45.96 71.4/61.5/58.3/54.5 (BP = 0.751 ratio = 0.778 hyp_len = 14 ref_len = 18)
99,the capital is the city of cuba,the capital is the city of quba,BLEU = 80.91 85.7/83.3/80.0/75.0 (BP = 1.000 ratio = 1.000 hyp_len = 7 ref_len = 7)
100,only in recourses they have to assist,lonely and without resources she considers giving up,BLEU = 0.00 0.0/0.0/0.0/0.0 (BP = 0.867 ratio = 0.875 hyp_len = 7 ref_len = 8)
101,it is a small locality but it is known for its particular account,it is a small town but one that has a unique charm,BLEU = 20.45 38.5/25.0/18.2/10.0 (BP = 1.000 ratio = 1.083 hyp_len = 13 ref_len = 12)
102,they were replaced by jannet gironda and julia bruno,they were substituted by jeanette jurado and gioia bruno,BLEU = 11.99 55.6/12.5/7.1/4.2 (BP = 1.000 ratio = 1.000 hyp_len = 9 ref_len = 9)
103,he gained an international reputation especially in germany and france,winning an international recognition mainly in germany and france,BLEU = 31.24 60.0/44.4/25.0/14.3 (BP = 1.000 ratio = 1.111 hyp_len = 10 ref_len = 9)
104,it has a small internal cavity with small small accuracy,with a small internal cavity with small very numerous achenes,BLEU = 51.70 60.0/55.6/50.0/42.9 (BP = 1.000 ratio = 1.000 hyp_len = 10 ref_len = 10)
105,wee sylvanus dominican composer of cassandras verse,luís rivera eminent dominican composer has fallen in love with casandras voice,BLEU = 6.43 28.6/16.7/10.0/6.2 (BP = 0.490 ratio = 0.583 hyp_len = 7 ref_len = 12)
106,each family had three carriages,every head of the family had three careers,BLEU = 21.82 60.0/50.0/33.3/25.0 (BP = 0.549 ratio = 0.625 hyp_len = 5 ref_len = 8)
107,ascension it represents an administrator,an administrator represents him in ascension,BLEU = 20.80 80.0/25.0/16.7/12.5 (BP = 0.819 ratio = 0.833 hyp_len = 5 ref_len = 6)
108,synthesis obtained from the sea was used in the fabrication of polo,the ash obtained from burning their wood was used for the production of gunpowder,BLEU = 9.33 58.3/18.2/5.0/2.8 (BP = 0.846 ratio = 0.857 hyp_len = 12 ref_len = 14)
109,seashore is a mural tablet in the shape of a dor,the side facing the sea has a sloping wall in the shape of a horseshoe,BLEU = 25.53 54.5/40.0/33.3/25.0 (BP = 0.695 ratio = 0.733 hyp_len = 11 ref_len = 15)
110,as a type of co operative multitudinary type,this primitive type allows corporate multitasking,BLEU = 5.52 12.5/7.1/4.2/2.5 (BP = 1.000 ratio = 1.333 hyp_len = 8 ref_len = 6)
111,he is considered the first polonian story teller,he is considered to be the first historian of poland,BLEU = 20.13 62.5/42.9/16.7/10.0 (BP = 0.779 ratio = 0.800 hyp_len = 8 ref_len = 10)
112,he is the truth of elizabeth darrass truth,she herself the real elisabeth de tannhauser,BLEU = 5.52 12.5/7.1/4.2/2.5 (BP = 1.000 ratio = 1.143 hyp_len = 8 ref_len = 7)
113,this proposal was accepted by the enemy by the general assembly,the general assembly adopted unanimously this proposal,BLEU = 17.54 45.5/30.0/11.1/6.2 (BP = 1.000 ratio = 1.571 hyp_len = 11 ref_len = 7)
114,the people,the people,BLEU = 100.00 100.0/100.0/0.0/0.0 (BP = 1.000 ratio = 1.000 hyp_len = 2 ref_len = 2)
115,notice of the assignment of the wadded dotter rapidly extended to madrid,the news of the assassination of eduardo dato was rapidly disseminated throughout madrid,BLEU = 8.20 50.0/9.1/5.0/2.8 (BP = 0.920 ratio = 0.923 hyp_len = 12 ref_len = 13)
116,the innantumere di omphrentinia is forming mainly several times more active than the innantium,the d enantiomer of methamphetamine is pharmacologically several times more active than the l enantiomer,BLEU = 35.00 57.1/38.5/33.3/27.3 (BP = 0.931 ratio = 0.933 hyp_len = 14 ref_len = 15)
117,the convention moved to austerlitz,the convention was moved to austerlitz space,BLEU = 33.52 100.0/75.0/33.3/25.0 (BP = 0.670 ratio = 0.714 hyp_len = 5 ref_len = 7)
118,the entrances to the gyros took three minutes,the tickets for the tour sold out in just three minutes,BLEU = 9.03 50.0/14.3/8.3/5.0 (BP = 0.687 ratio = 0.727 hyp_len = 8 ref_len = 11)
119,he wrote a chapter about hegels apology and the theory of his accuracy,they wrote a thesis on hegels ontology and the theory of historicity,BLEU = 23.90 53.8/33.3/18.2/10.0 (BP = 1.000 ratio = 1.083 hyp_len = 13 ref_len = 12)
120,julian had no responsibility,all responsibilities were disclaimed by julian,BLEU = 9.69 25.0/16.7/12.5/12.5 (BP = 0.607 ratio = 0.667 hyp_len = 4 ref_len = 6)
121,point is always a telephonic center,this place is always a telephone exchange,BLEU = 25.58 50.0/40.0/25.0/16.7 (BP = 0.846 ratio = 0.857 hyp_len = 6 ref_len = 7)
122,patriots of these populations were found in bolivia dupa,the patriots of these populations took shelter in valledupar,BLEU = 31.56 55.6/37.5/28.6/16.7 (BP = 1.000 ratio = 1.000 hyp_len = 9 ref_len = 9)
123,stipend is more or less equal to a local masters salary,a stipend earns more or less the same as a local teacher,BLEU = 16.76 54.5/30.0/11.1/6.2 (BP = 0.913 ratio = 0.917 hyp_len = 11 ref_len = 12)
124,they have thin pea brown ties,they have hispid puberulent stems,BLEU = 16.23 33.3/20.0/12.5/8.3 (BP = 1.000 ratio = 1.200 hyp_len = 6 ref_len = 5)
125,station received the name of corroboree for the populace hermon in the neighbourhood,the station was given the name of quiroga after the homonymous densely populated neighborhood,BLEU = 12.66 46.2/16.7/9.1/5.0 (BP = 0.926 ratio = 0.929 hyp_len = 13 ref_len = 14)
126,is considered the best pivot that has passed by stamford,he is considered to be the best center player that has been in stanford,BLEU = 9.74 60.0/33.3/6.2/3.6 (BP = 0.670 ratio = 0.714 hyp_len = 10 ref_len = 14)
127,these two questions are considered as the revolution of the computer in the house,these two matters are deemed milestones of the computer revolution at home,BLEU = 14.46 50.0/23.1/8.3/4.5 (BP = 1.000 ratio = 1.167 hyp_len = 14 ref_len = 12)
128,national deportation,national sports title,BLEU = 30.33 50.0/50.0/0.0/0.0 (BP = 0.607 ratio = 0.667 hyp_len = 2 ref_len = 3)
129,for the time being it was impossible to renew the meeting,as the storm didnt stop it was impossible to resume the meeting,BLEU = 26.48 63.6/40.0/22.2/12.5 (BP = 0.913 ratio = 0.917 hyp_len = 11 ref_len = 12)
130,its development was parallel with the reorganization of most of the communes,the development was parallel with the one of the urbanization the two roads,BLEU = 33.55 58.3/45.5/30.0/22.2 (BP = 0.920 ratio = 0.923 hyp_len = 12 ref_len = 13)
131,the contents of the deposits and the one that has morgana,the content in the houses is then counted and the player who has more seeds wins,BLEU = 5.98 45.5/10.0/5.6/3.1 (BP = 0.635 ratio = 0.688 hyp_len = 11 ref_len = 16)
132,lets go pombo please,julia lets go gamboa please,BLEU = 27.53 75.0/33.3/25.0/25.0 (BP = 0.779 ratio = 0.800 hyp_len = 4 ref_len = 5)
133,the populations of susa and meller tell each other to children,two members of the senate are each elected by the people of ceuta and melilla,BLEU = 3.68 36.4/5.0/2.8/1.6 (BP = 0.695 ratio = 0.733 hyp_len = 11 ref_len = 15)
134,his story,his story,BLEU = 100.00 100.0/100.0/0.0/0.0 (BP = 1.000 ratio = 1.000 hyp_len = 2 ref_len = 2)
135,he had changed,it had changed,BLEU = 55.03 66.7/50.0/50.0/0.0 (BP = 1.000 ratio = 1.000 hyp_len = 3 ref_len = 3)
136,the same time cromwell was substituted for small comedies,also the cromwell tank was replaced by a small number of comet tanks,BLEU = 4.32 44.4/6.2/3.6/2.1 (BP = 0.641 ratio = 0.692 hyp_len = 9 ref_len = 13)
137,it was the first to have different deeds,he was one of the first ones having differentiated teeth,BLEU = 9.52 37.5/14.3/8.3/5.0 (BP = 0.779 ratio = 0.800 hyp_len = 8 ref_len = 10)
138,its for symbades the school and they are one of the students,stryker troops invaded the school and kidnapped some students,BLEU = 13.55 33.3/18.2/10.0/5.6 (BP = 1.000 ratio = 1.333 hyp_len = 12 ref_len = 9)
139,it took place in the city of guido piccinni,the study took place in the city of quito pichincha ecuador,BLEU = 47.03 66.7/62.5/57.1/50.0 (BP = 0.801 ratio = 0.818 hyp_len = 9 ref_len = 11)
140,he was born in the family of the visipollo,she was born in a well off family of tegucigalpa,BLEU = 19.97 55.6/37.5/14.3/8.3 (BP = 0.895 ratio = 0.900 hyp_len = 9 ref_len = 10)
141,prosecuted,to remove,BLEU = 0.00 0.0/0.0/0.0/0.0 (BP = 0.368 ratio = 0.500 hyp_len = 1 ref_len = 2)
142,it didnt leave the cab it ended the works,the project was not carried out and the works were left unfinished,BLEU = 7.56 33.3/12.5/7.1/4.2 (BP = 0.717 ratio = 0.750 hyp_len = 9 ref_len = 12)
143,in this way it can be said that the family is a system,this way we can say that families are systems,BLEU = 7.35 30.8/8.3/4.5/2.5 (BP = 1.000 ratio = 1.444 hyp_len = 13 ref_len = 9)
144,he started writing and cast again the knife,he started writing in spanish in night,BLEU = 20.56 37.5/28.6/16.7/10.0 (BP = 1.000 ratio = 1.143 hyp_len = 8 ref_len = 7)
145,lissembourg,he lives in bulgaria,BLEU = 0.00 0.0/0.0/0.0/0.0 (BP = 0.050 ratio = 0.250 hyp_len = 1 ref_len = 4)
146,collective is the essence of this geographic act,the street art is essentially collective,BLEU = 7.27 37.5/7.1/4.2/2.5 (BP = 1.000 ratio = 1.333 hyp_len = 8 ref_len = 6)
147,the bridge crosses the river of the plata between the two municipalities,the bridge crosses the río de la plata between the two municipalities,BLEU = 53.11 75.0/63.6/50.0/33.3 (BP = 1.000 ratio = 1.000 hyp_len = 12 ref_len = 12)
148,the tomb is located in the place of peregrination only in the corner,nowadays his grave remains a pilgrimage site,BLEU = 0.00 0.0/0.0/0.0/0.0 (BP = 1.000 ratio = 1.857 hyp_len = 13 ref_len = 7)
149,or what is that what is that sapphire,oh whats that whats that oh my god a dog,BLEU = 5.11 25.0/7.1/4.2/2.5 (BP = 0.779 ratio = 0.800 hyp_len = 8 ref_len = 10)
150,here she practised fishing activities notation and aquatic travels,activities such as fishing swimming and water skiing can be performed in this area,BLEU = 3.60 33.3/6.2/3.6/2.1 (BP = 0.574 ratio = 0.643 hyp_len = 9 ref_len = 14)
151,it was during his years of study when georgiana began to vinculate and poultice,it was during the time he was a student that jordi hereu started to get involved in politics,BLEU = 8.54 28.6/15.4/8.3/4.5 (BP = 0.751 ratio = 0.778 hyp_len = 14 ref_len = 18)
152,he was named arbor in honor of the historian of the united states polygon,he was named garber as a honor to paul e garber american historian,BLEU = 12.01 35.7/15.4/8.3/4.5 (BP = 1.000 ratio = 1.077 hyp_len = 14 ref_len = 13)
153,each table has to sift is on the floor,every cap has engravings in the stone two digits,BLEU = 5.67 22.2/6.2/3.6/2.1 (BP = 1.000 ratio = 1.000 hyp_len = 9 ref_len = 9)
154,the time he was considered the title the most important of the history,at those times it was considered to be the most important paulist title in history,BLEU = 13.49 53.8/25.0/9.1/5.0 (BP = 0.857 ratio = 0.867 hyp_len = 13 ref_len = 15)
155,is located and commerce,it is located in the comoros,BLEU = 19.38 50.0/33.3/25.0/25.0 (BP = 0.607 ratio = 0.667 hyp_len = 4 ref_len = 6)
156,custe,acoustic group,BLEU = 0.00 0.0/0.0/0.0/0.0 (BP = 0.368 ratio = 0.500 hyp_len = 1 ref_len = 2)
157,his place was occupied by cassius manlius,his place was occupied by kashima antlers,BLEU = 61.48 71.4/66.7/60.0/50.0 (BP = 1.000 ratio = 1.000 hyp_len = 7 ref_len = 7)
158,cord is commonly consumed,lamb is commonly consumed,BLEU = 59.46 75.0/66.7/50.0/50.0 (BP = 1.000 ratio = 1.000 hyp_len = 4 ref_len = 4)
159,even though the work receives mixed critics the action of lovers receive positive critics,although the play had mixed reviews loveless acting received positive reviews,BLEU = 3.74 21.4/3.8/2.1/1.1 (BP = 1.000 ratio = 1.273 hyp_len = 14 ref_len = 11)
160,apparently it is the liturgy of mozzaro hosanni as a characteristic note,currently it wants to be the mozarabic or hispanic liturgy as a characteristic note,BLEU = 20.64 58.3/27.3/20.0/11.1 (BP = 0.846 ratio = 0.857 hyp_len = 12 ref_len = 14)
161,the problem of the lace it consists in enclosing the laceration,link has a problem t refers to finding the shortest link t,BLEU = 4.07 18.2/5.0/2.8/1.6 (BP = 0.913 ratio = 0.917 hyp_len = 11 ref_len = 12)
162,this was a period of incessant investigation of the material and volume,this was a period of extensive research about matter and volume,BLEU = 36.46 58.3/45.5/30.0/22.2 (BP = 1.000 ratio = 1.091 hyp_len = 12 ref_len = 11)
163,yes i was going to enter,oh were you going to get in,BLEU = 13.74 33.3/20.0/12.5/8.3 (BP = 0.846 ratio = 0.857 hyp_len = 6 ref_len = 7)
164,his aluminum solitaire which is crystallized in the monogram of aphrodite,it is an aluminosilicate of barium which crystallizes in the monoclinic crystalline system,BLEU = 7.86 45.5/10.0/5.6/3.1 (BP = 0.834 ratio = 0.846 hyp_len = 11 ref_len = 13)
165,i was afraid that i would save the life of her,you should stopped me to save ainhoas life,BLEU = 4.46 18.2/5.0/2.8/1.6 (BP = 1.000 ratio = 1.375 hyp_len = 11 ref_len = 8)
166,it is the main scene of the old carnival carnival and the novel novel in the series,it is the main setting of the carnivorous carnival the ninth novel of the series,BLEU = 20.95 64.7/31.2/13.3/7.1 (BP = 1.000 ratio = 1.133 hyp_len = 17 ref_len = 15)
167,he wrote episodes for lake michigan with davids liederman married with children and lawrence,they wrote some episodes for late night with david letterman married with children and the simpsons,BLEU = 19.69 57.1/30.8/16.7/9.1 (BP = 0.867 ratio = 0.875 hyp_len = 14 ref_len = 16)
168,watson was accused of the assignment of walt adjudged and condemned to perpetuate dean,madsen was accused of murdering wall he faced a trial and was punished with life imprisonment,BLEU = 9.85 28.6/15.4/8.3/4.5 (BP = 0.867 ratio = 0.875 hyp_len = 14 ref_len = 16)
169,after the war he fled to bolivia,after defeat he took refuge in sucre bolivia,BLEU = 7.49 42.9/8.3/5.0/3.1 (BP = 0.867 ratio = 0.875 hyp_len = 7 ref_len = 8)
170,the tomb is located in the catholic cemetery of homburg,their grave is at kamakura catholic cemetery,BLEU = 9.29 30.0/11.1/6.2/3.6 (BP = 1.000 ratio = 1.429 hyp_len = 10 ref_len = 7)
171,have me go to the ulcers forge go to the door,for being afraid of heights being lazy to provide assistance,BLEU = 3.75 9.1/5.0/2.8/1.6 (BP = 1.000 ratio = 1.100 hyp_len = 11 ref_len = 10)
172,season ended at the fourth of the day,the fire started at four p m,BLEU = 6.57 25.0/7.1/4.2/2.5 (BP = 1.000 ratio = 1.143 hyp_len = 8 ref_len = 7)
173,hell like him and die alive in the forest,he doesnt like to bath and he is always after wheels,BLEU = 4.54 22.2/6.2/3.6/2.1 (BP = 0.801 ratio = 0.818 hyp_len = 9 ref_len = 11)
174,the book of him was written by the poet henrino romulus essayer,honduran poet romulo ernesto duron wrote anthems lyrics,BLEU = 3.39 8.3/4.5/2.5/1.4 (BP = 1.000 ratio = 1.500 hyp_len = 12 ref_len = 8)
175,he formed part of the official selection of the international sign festival of edinburgh,they formed part of the official national team of the edinburgh international film festival,BLEU = 33.43 71.4/38.5/25.0/18.2 (BP = 1.000 ratio = 1.000 hyp_len = 14 ref_len = 14)
176,they are commendable because it can lead to a physical exit to certain parts of the body,it is advisable because it can let to physical exhaustion of certain parts of the body,BLEU = 30.28 58.8/37.5/26.7/14.3 (BP = 1.000 ratio = 1.062 hyp_len = 17 ref_len = 16)
177,as far as a reddish indicator from july to november,their blossoms appear pink from july to november,BLEU = 26.27 40.0/33.3/25.0/14.3 (BP = 1.000 ratio = 1.250 hyp_len = 10 ref_len = 8)
178,popularity between macedonia and macedonia kept some years later at his ranch,his popularity amongst the macedonian public kept going on some years after the launch,BLEU = 7.21 41.7/9.1/5.0/2.8 (BP = 0.846 ratio = 0.857 hyp_len = 12 ref_len = 14)
179,our consul likes liver is the joker and then the best fellows,in arkham lex frees the joker and then the other villains,BLEU = 31.70 41.7/36.4/30.0/22.2 (BP = 1.000 ratio = 1.091 hyp_len = 12 ref_len = 11)
180,the edition the schopenhauer receipt the order of lenin,likewise josef stalin the icebreaker received the order from lenin,BLEU = 10.15 44.4/12.5/7.1/4.2 (BP = 0.895 ratio = 0.900 hyp_len = 9 ref_len = 10)
181,the bourgeois planters vistas in the pasture,the ground floor shows exposed masonry,BLEU = 6.57 14.3/8.3/5.0/3.1 (BP = 1.000 ratio = 1.167 hyp_len = 7 ref_len = 6)
182,the notary was momma rodriguez and the secretary was francesco villina,the notary public was manuel rodriguez and the secretary was francisco hortelano,BLEU = 38.10 72.7/50.0/33.3/25.0 (BP = 0.913 ratio = 0.917 hyp_len = 11 ref_len = 12)
183,they can be imitated by dark wines stone baldos assai and other surfaces,the print can imitate paving stones stones tiles boards or any other surfaces,BLEU = 6.84 23.1/8.3/4.5/2.5 (BP = 1.000 ratio = 1.000 hyp_len = 13 ref_len = 13)
184,oh apollo,dark brown tail,BLEU = 0.00 0.0/0.0/0.0/0.0 (BP = 0.607 ratio = 0.667 hyp_len = 2 ref_len = 3)
185,the park there are free reservations located in the mazota and its reservations,in the park there are three reservoirs located on the plateau and its surroundings,BLEU = 24.92 69.2/41.7/18.2/10.0 (BP = 0.926 ratio = 0.929 hyp_len = 13 ref_len = 14)
186,initiate the casino a neutral sociable it stops to shew political inclinations,initially it was the casino of a neutral society and soon it starts to show political leanings,BLEU = 7.26 58.3/18.2/5.0/2.8 (BP = 0.659 ratio = 0.706 hyp_len = 12 ref_len = 17)
187,the chimes was treated by many hosts and a collapsing form,alchemist got treatment for multiple broken ribs and a collapsed lung,BLEU = 7.50 18.2/10.0/5.6/3.1 (BP = 1.000 ratio = 1.000 hyp_len = 11 ref_len = 11)
188,he was born in bonesenburg and died in poverty,born percent von esenbeck died in poverty,BLEU = 19.07 44.4/25.0/14.3/8.3 (BP = 1.000 ratio = 1.286 hyp_len = 9 ref_len = 7)
189,hence was the descendant of patrick henry a prominent figure of the american revolution,evan was descendant of patrick henry prominent figure of the american revolution,BLEU = 54.45 78.6/61.5/50.0/36.4 (BP = 1.000 ratio = 1.167 hyp_len = 14 ref_len = 12)
190,the actuality is made by the excavation for the building,nowadays excavating for the construction of the building is being done,BLEU = 11.36 50.0/22.2/6.2/3.6 (BP = 0.905 ratio = 0.909 hyp_len = 10 ref_len = 11)
191,essays on fats,in the song fat joe appears,BLEU = 0.00 0.0/0.0/0.0/0.0 (BP = 0.368 ratio = 0.500 hyp_len = 3 ref_len = 6)
192,his father vladimir de la porte was the son of mayor of yerssoff the first austrian,in fact his dad vladimir of novgorod turned out to be the oldest child of yaroslav the first the wise,BLEU = 5.21 43.8/6.7/3.6/1.9 (BP = 0.779 ratio = 0.800 hyp_len = 16 ref_len = 20)
193,the result was the book the infirmity and the messiah,the result was the book the disease and its metaphors,BLEU = 53.73 70.0/55.6/50.0/42.9 (BP = 1.000 ratio = 1.000 hyp_len = 10 ref_len = 10)
194,besides the republicans entered for the first time in parliament,moreover the republicans entered the parliament for the first time,BLEU = 39.28 80.0/55.6/37.5/14.3 (BP = 1.000 ratio = 1.000 hyp_len = 10 ref_len = 10)
195,he has been the geoffrey redector of the four volumes of the war of seneca,in addition flora of somalia had him as chief editor,BLEU = 2.63 6.7/3.6/1.9/1.0 (BP = 1.000 ratio = 1.500 hyp_len = 15 ref_len = 10)
196,while they are ready to finish with the residue ricketts,while they separate in order to end with the laggards rick sees a deer,BLEU = 8.41 50.0/22.2/6.2/3.6 (BP = 0.670 ratio = 0.714 hyp_len = 10 ref_len = 14)
197,he is a predecessor of orlando dei duro where music is his name,favorite son of aranda of duero whose music school has his name,BLEU = 7.35 30.8/8.3/4.5/2.5 (BP = 1.000 ratio = 1.083 hyp_len = 13 ref_len = 12)
198,panniering in the grocers neighborhood terminates with several hoods of white armour,a fight in the gracia neighborhood ends with several knife injuries,BLEU = 10.13 41.7/18.2/5.0/2.8 (BP = 1.000 ratio = 1.091 hyp_len = 12 ref_len = 11)
199,sarcastic amosite its found out you dont want to stay with anybody,he is sarcastic friendly outgoing and he does not like making a bad impression with anybody,BLEU = 5.37 25.0/9.1/5.0/2.8 (BP = 0.717 ratio = 0.750 hyp_len = 12 ref_len = 16)
200,is the most famous isaac torres stables,it is the heaviest of already known stable isotopes,BLEU = 9.87 28.6/16.7/10.0/6.2 (BP = 0.751 ratio = 0.778 hyp_len = 7 ref_len = 9)
201,he was born in oscan minnesota united states,he was born in erskine minnesota u s a,BLEU = 32.26 62.5/42.9/33.3/20.0 (BP = 0.882 ratio = 0.889 hyp_len = 8 ref_len = 9)
202,in front of the coast of angola,it is in front of angola coast,BLEU = 30.74 71.4/50.0/20.0/12.5 (BP = 1.000 ratio = 1.000 hyp_len = 7 ref_len = 7)
203,one moment another,a moment oh no,BLEU = 19.72 33.3/25.0/25.0/0.0 (BP = 0.717 ratio = 0.750 hyp_len = 3 ref_len = 4)
204,no grace,dont scream,BLEU = 0.00 0.0/0.0/0.0/0.0 (BP = 1.000 ratio = 1.000 hyp_len = 2 ref_len = 2)
205,claire is in the office and has the arm of his horse,charlie gets out of the office and takes a gun from this locker,BLEU = 12.46 33.3/18.2/10.0/5.6 (BP = 0.920 ratio = 0.923 hyp_len = 12 ref_len = 13)
206,esther moved to manchester to inflect the city in the first season,west ham travelled to manchester to play against city in the first date,BLEU = 28.21 58.3/45.5/30.0/11.1 (BP = 0.920 ratio = 0.923 hyp_len = 12 ref_len = 13)
207,on this occasion the enclosure of the enclosure was courier,in this occasion the managers to close the event was damned,BLEU = 16.06 50.0/22.2/12.5/7.1 (BP = 0.905 ratio = 0.909 hyp_len = 10 ref_len = 11)
208,the one interested in the space for the players,nothing interesting for a spaceman only for the toys,BLEU = 9.54 22.2/12.5/7.1/4.2 (BP = 1.000 ratio = 1.000 hyp_len = 9 ref_len = 9)
209,on the other hand it is known as illumination or need of light,in certain places only the lamp is considered lighting,BLEU = 3.67 15.4/4.2/2.3/1.2 (BP = 1.000 ratio = 1.444 hyp_len = 13 ref_len = 9)
210,cyrus published the album of the owner of the movie,containing the films score records released the album,BLEU = 9.29 30.0/11.1/6.2/3.6 (BP = 1.000 ratio = 1.250 hyp_len = 10 ref_len = 8)
211,the teams of canterbury were classified individually in time,the stages against the clock by teams classify the time individually,BLEU = 5.40 44.4/6.2/3.6/2.1 (BP = 0.801 ratio = 0.818 hyp_len = 9 ref_len = 11)
212,but for disparities in five had been decapitated,two people died to gunshot and five more are thought to have been decapitated,BLEU = 5.77 37.5/14.3/8.3/5.0 (BP = 0.472 ratio = 0.571 hyp_len = 8 ref_len = 14)
213,the following year the island was sold to our family,the next year the island was sold to a family,BLEU = 55.55 80.0/55.6/50.0/42.9 (BP = 1.000 ratio = 1.000 hyp_len = 10 ref_len = 10)
214,theres a way to get close to the house into the lake,there is a road that goes up near the waterfall and leads to the lake,BLEU = 7.89 41.7/18.2/5.0/2.8 (BP = 0.779 ratio = 0.800 hyp_len = 12 ref_len = 15)
215,quazini casuist,the cave offers unique acoustics,BLEU = 0.00 0.0/0.0/0.0/0.0 (BP = 0.223 ratio = 0.400 hyp_len = 2 ref_len = 5)
216,the road is located in new york,the film is shooting in new york,BLEU = 27.78 71.4/33.3/20.0/12.5 (BP = 1.000 ratio = 1.000 hyp_len = 7 ref_len = 7)
217,at the age of twelve they abandoned the maternal tie,at the age of eighteen abandoned maternal guardianship,BLEU = 29.07 60.0/33.3/25.0/14.3 (BP = 1.000 ratio = 1.250 hyp_len = 10 ref_len = 8)
218,hawthornes sarcasm escaped in the rash shadow one of the eclipsed,kota and starkiller managed to escape aboard juno eclipses ship the rogue shadow,BLEU = 3.72 18.2/5.0/2.8/1.6 (BP = 0.834 ratio = 0.846 hyp_len = 11 ref_len = 13)
219,they are present in the markets of each country under different commercial markets,they are present in the markets of every country under different commercial brands,BLEU = 67.03 84.6/75.0/63.6/50.0 (BP = 1.000 ratio = 1.000 hyp_len = 13 ref_len = 13)
220,in the central transport and commercial centre of the island of kuria,it is the transport and commercial center of kodiak island,BLEU = 14.99 50.0/18.2/10.0/5.6 (BP = 1.000 ratio = 1.200 hyp_len = 12 ref_len = 10)
221,there is also a repertoire of scenes and special events,nowadays it hosts a diverse repertoire of movies and special occasions,BLEU = 11.36 50.0/22.2/6.2/3.6 (BP = 0.905 ratio = 0.909 hyp_len = 10 ref_len = 11)
222,furred tailed winged phoenix was elaborated by one of her brothers,the third qualified was wayne g remix and it was produced by warner bros,BLEU = 3.39 18.2/5.0/2.8/1.6 (BP = 0.761 ratio = 0.786 hyp_len = 11 ref_len = 14)
223,the mariner was accredited to the brazilians the discovery of a new route,the royal navy credited the brazilians with the destruction of a u boat,BLEU = 9.67 46.2/16.7/4.5/2.5 (BP = 1.000 ratio = 1.000 hyp_len = 13 ref_len = 13)
224,the route was started by kioto yusai,the route can be started from kioto or osaka,BLEU = 11.74 57.1/16.7/10.0/6.2 (BP = 0.751 ratio = 0.778 hyp_len = 7 ref_len = 9)
225,the interview the painter in the radio,the painter is being interviewed on the radio,BLEU = 16.10 57.1/33.3/10.0/6.2 (BP = 0.867 ratio = 0.875 hyp_len = 7 ref_len = 8)
226,the most common example is the top of the body of a wine bottle,the most common example is the cork of the wine bottle,BLEU = 43.24 71.4/53.8/33.3/27.3 (BP = 1.000 ratio = 1.273 hyp_len = 14 ref_len = 11)
227,he studied medicine at the university of santiago by post,they studied medicine at the university of santiago de compostela,BLEU = 63.89 70.0/66.7/62.5/57.1 (BP = 1.000 ratio = 1.000 hyp_len = 10 ref_len = 10)
228,it was designed by you,it was designed by yahoo,BLEU = 66.87 80.0/75.0/66.7/50.0 (BP = 1.000 ratio = 1.000 hyp_len = 5 ref_len = 5)
229,the houses are celebrated in norway and on some occasions in poland,the masses are celebrated in norwegian and in some occasions in polish,BLEU = 22.78 66.7/36.4/20.0/5.6 (BP = 1.000 ratio = 1.000 hyp_len = 12 ref_len = 12)
230,however there are two portraits of the dean to transmit,therefore two gene bearers are required to transmit it,BLEU = 9.98 40.0/11.1/6.2/3.6 (BP = 1.000 ratio = 1.111 hyp_len = 10 ref_len = 9)
231,circuit of the catholics was named the honorary president,the catholic workers circle made him its honorary president,BLEU = 10.55 33.3/12.5/7.1/4.2 (BP = 1.000 ratio = 1.000 hyp_len = 9 ref_len = 9)
232,is called the georgie sola,call jordi sola,BLEU = 10.68 20.0/12.5/8.3/6.2 (BP = 1.000 ratio = 1.667 hyp_len = 5 ref_len = 3)
233,came to enter because the land has disappeared,i have just found out that the earth is gone,BLEU = 4.30 12.5/7.1/4.2/2.5 (BP = 0.779 ratio = 0.800 hyp_len = 8 ref_len = 10)
234,amongst the industrial parks where i met gabriel and the industrial park are located,among its industrial parks we can find the ramat gabriel and the industrial south park,BLEU = 21.15 57.1/30.8/16.7/9.1 (BP = 0.931 ratio = 0.933 hyp_len = 14 ref_len = 15)
235,no official condolences from the government of sego,no official condolences were offered by seoul government,BLEU = 22.09 50.0/28.6/16.7/10.0 (BP = 1.000 ratio = 1.000 hyp_len = 8 ref_len = 8)
236,brother christian seneca is a footboy,christian zuñiga her brother is a former soccer player,BLEU = 11.71 66.7/20.0/12.5/8.3 (BP = 0.607 ratio = 0.667 hyp_len = 6 ref_len = 9)
237,gorges formed by gas and porridge,this coma is formed by gas and dust,BLEU = 36.41 66.7/60.0/50.0/33.3 (BP = 0.717 ratio = 0.750 hyp_len = 6 ref_len = 8)
238,however individuals that fight against the end,however there are individuals who struggle against death until the end,BLEU = 9.33 71.4/16.7/10.0/6.2 (BP = 0.565 ratio = 0.636 hyp_len = 7 ref_len = 11)
239,in his last year of life when ariosto retired to galicia,juana de castro retired to galicia during her last years,BLEU = 14.99 36.4/20.0/11.1/6.2 (BP = 1.000 ratio = 1.100 hyp_len = 11 ref_len = 10)
240,finally the design was modified,finally the design was modified,BLEU = 100.00 100.0/100.0/100.0/100.0 (BP = 1.000 ratio = 1.000 hyp_len = 5 ref_len = 5)
241,psalms written by cobbler in nieuport except where indicated,all the melodies are written by cavalera and newport except where indicated,BLEU = 15.99 55.6/37.5/14.3/8.3 (BP = 0.717 ratio = 0.750 hyp_len = 9 ref_len = 12)
242,however it will not be invoked in a cycle during the night,nevertheless it will not be involved in a cyclone during the flight,BLEU = 28.65 66.7/45.5/20.0/11.1 (BP = 1.000 ratio = 1.000 hyp_len = 12 ref_len = 12)
243,these divisions were temporal and there was nothing,such splits were temporary and do not exist anymore,BLEU = 5.80 25.0/7.1/4.2/2.5 (BP = 0.882 ratio = 0.889 hyp_len = 8 ref_len = 9)
244,it was during this period that hare decided to enter into politics,it was during this period that jawara decided to begin his career in politics,BLEU = 40.91 75.0/54.5/40.0/33.3 (BP = 0.846 ratio = 0.857 hyp_len = 12 ref_len = 14)
245,he studied law in secondary schools at the university of chicago,he taught in secondary school and trabajo university,BLEU = 8.91 36.4/10.0/5.6/3.1 (BP = 1.000 ratio = 1.375 hyp_len = 11 ref_len = 8)
246,its a hydroxide carbonate and hydrated magnesium and hydra,it is a hydroxyl carbonate and magnesium hydrates and iron,BLEU = 10.73 55.6/12.5/7.1/4.2 (BP = 0.895 ratio = 0.900 hyp_len = 9 ref_len = 10)
247,most of these differences is the participation of the uses and the disputing,the biggest of these differences is the users participation and the enjoyment,BLEU = 35.42 69.2/41.7/27.3/20.0 (BP = 1.000 ratio = 1.083 hyp_len = 13 ref_len = 12)
248,a statue of them was placed within the bazaar,there is a statue of her standing inside the byzantine senate,BLEU = 15.27 44.4/25.0/14.3/8.3 (BP = 0.801 ratio = 0.818 hyp_len = 9 ref_len = 11)
249,i dont think we can do anything,dont think you know me that well,BLEU = 13.13 28.6/16.7/10.0/6.2 (BP = 1.000 ratio = 1.000 hyp_len = 7 ref_len = 7)
250,the recitative is followed by a choir that concludes the work,after the reciter there follows a choir to end the work,BLEU = 11.21 45.5/20.0/5.6/3.1 (BP = 1.000 ratio = 1.000 hyp_len = 11 ref_len = 11)
251,its the precautions sir lets go,increase precautions good luck lets go,BLEU = 17.97 50.0/20.0/12.5/8.3 (BP = 1.000 ratio = 1.000 hyp_len = 6 ref_len = 6)
252,he has a brother named lawrence,he has a sister named lauren landis,BLEU = 27.48 66.7/40.0/25.0/16.7 (BP = 0.846 ratio = 0.857 hyp_len = 6 ref_len = 7)
253,is the most small district of the country,this is the tiniest district in the country,BLEU = 16.52 62.5/28.6/8.3/5.0 (BP = 1.000 ratio = 1.000 hyp_len = 8 ref_len = 8)
254,is a great economic difference between urban and rural areas,it is a big economic difference between the rural and urban zones,BLEU = 18.09 80.0/33.3/12.5/7.1 (BP = 0.819 ratio = 0.833 hyp_len = 10 ref_len = 12)
255,the denomination may be equivalent to some countries to the minister,the denomination can result equivalent in some countries to the minister,BLEU = 41.72 72.7/50.0/33.3/25.0 (BP = 1.000 ratio = 1.000 hyp_len = 11 ref_len = 11)
256,there is the ship on the south side,i have put the ship fifteen degrees to the southwest,BLEU = 9.52 37.5/14.3/8.3/5.0 (BP = 0.779 ratio = 0.800 hyp_len = 8 ref_len = 10)
257,between the extremes the second place was only occupied by the abbess lombardi,among the premieres it won second place only surpassed by the green hornet,BLEU = 9.67 46.2/16.7/4.5/2.5 (BP = 1.000 ratio = 1.000 hyp_len = 13 ref_len = 13)
258,it is attributed to doctor julius moore,the system its attributed to doctor julius muller of brugg,BLEU = 26.78 57.1/50.0/40.0/25.0 (BP = 0.651 ratio = 0.700 hyp_len = 7 ref_len = 10)
259,if it was a dissipation it would be a violent assumption,it must have been a violent crime if it really were an usurpation,BLEU = 9.35 45.5/20.0/5.6/3.1 (BP = 0.834 ratio = 0.846 hyp_len = 11 ref_len = 13)
260,he is director of the mississippi,she is the director of miss teen nicaragua,BLEU = 13.83 66.7/20.0/12.5/8.3 (BP = 0.717 ratio = 0.750 hyp_len = 6 ref_len = 8)
261,he is one of the most known spirals of the firmament,its one of the best known spiral galaxies in the sky,BLEU = 15.85 45.5/20.0/11.1/6.2 (BP = 1.000 ratio = 1.000 hyp_len = 11 ref_len = 11)
262,he left writing during his time,he stopped writing when he was young,BLEU = 8.17 33.3/10.0/6.2/4.2 (BP = 0.846 ratio = 0.857 hyp_len = 6 ref_len = 7)
263,chapter twenty nine,chapter twenty nine,BLEU = 100.00 100.0/100.0/100.0/0.0 (BP = 1.000 ratio = 1.000 hyp_len = 3 ref_len = 3)
264,hernando a catholic and colossaria to find his protection over the hermitage,ferdinand the catholic and charles the first ratified their protection over the hermitage,BLEU = 23.20 50.0/36.4/20.0/11.1 (BP = 0.920 ratio = 0.923 hyp_len = 12 ref_len = 13)
265,last would be the most associated fossil the reflexive fossil,this last one would be the matrix associated to the reflective closure,BLEU = 15.21 60.0/22.2/12.5/7.1 (BP = 0.819 ratio = 0.833 hyp_len = 10 ref_len = 12)
266,people demand a better,the bridges lets see,BLEU = 0.00 0.0/0.0/0.0/0.0 (BP = 1.000 ratio = 1.000 hyp_len = 4 ref_len = 4)
267,finally in april of the same year he moved to liverpool to come down the ascension,eventually he travelled all the way to nepal in april of that year for the climbing,BLEU = 11.63 50.0/13.3/7.1/3.8 (BP = 1.000 ratio = 1.000 hyp_len = 16 ref_len = 16)
268,the main sum has not been released in life,the main song hasnt been performed live,BLEU = 10.55 33.3/12.5/7.1/4.2 (BP = 1.000 ratio = 1.286 hyp_len = 9 ref_len = 7)
269,his good actions led him to be complicated for his selection the same year,his good performance made him deserve the calling of the national team that same year,BLEU = 8.28 42.9/15.4/4.2/2.3 (BP = 0.931 ratio = 0.933 hyp_len = 14 ref_len = 15)
270,see this very true,you see this is so sad,BLEU = 19.38 50.0/33.3/25.0/25.0 (BP = 0.607 ratio = 0.667 hyp_len = 4 ref_len = 6)
271,this reduction is mainly due to social assistance policies,this reduction is mainly the consequence of social assistance policies,BLEU = 38.63 77.8/62.5/42.9/16.7 (BP = 0.895 ratio = 0.900 hyp_len = 9 ref_len = 10)
272,is not the government agency of the united states,this it a non united states government agency,BLEU = 13.49 44.4/25.0/7.1/4.2 (BP = 1.000 ratio = 1.125 hyp_len = 9 ref_len = 8)
273,these conditions gibson couldnt remain in the irish election,gibson managed to stay on the irish national team given the circumstances,BLEU = 7.56 33.3/12.5/7.1/4.2 (BP = 0.717 ratio = 0.750 hyp_len = 9 ref_len = 12)
274,belgium was the son of russia and the ukrainian immigrants,gabriel almond was the son of russian and ukrainian immigrants,BLEU = 32.47 70.0/44.4/25.0/14.3 (BP = 1.000 ratio = 1.000 hyp_len = 10 ref_len = 10)
275,he didnt include sarah,sarah was not included,BLEU = 15.97 25.0/16.7/12.5/12.5 (BP = 1.000 ratio = 1.000 hyp_len = 4 ref_len = 4)
276,he worked in madrid as a public lawyer,they worked on madrid as advertising announcers,BLEU = 12.22 37.5/14.3/8.3/5.0 (BP = 1.000 ratio = 1.143 hyp_len = 8 ref_len = 7)
277,additionally he worked in the industry of the war in austria and hungary,additionally he invested in the iron industry in austria and hungary,BLEU = 26.91 69.2/41.7/18.2/10.0 (BP = 1.000 ratio = 1.182 hyp_len = 13 ref_len = 11)
278,the reactions in order of the following,the reactions by order as the following,BLEU = 19.64 71.4/33.3/10.0/6.2 (BP = 1.000 ratio = 1.000 hyp_len = 7 ref_len = 7)
279,is located east of belfort near alton,it is located east of belfort near alto rin,BLEU = 60.80 85.7/83.3/80.0/75.0 (BP = 0.751 ratio = 0.778 hyp_len = 7 ref_len = 9)
280,they had an immense space in the barriga and there was no longer a tree,i had a big emptiness on my stomach and it was not because of hunger,BLEU = 3.72 26.7/3.6/1.9/1.0 (BP = 1.000 ratio = 1.000 hyp_len = 15 ref_len = 15)
281,during his life he was present in the councils of parsons,during his life he took part in the councils of paris and tours,BLEU = 39.12 72.7/60.0/44.4/25.0 (BP = 0.834 ratio = 0.846 hyp_len = 11 ref_len = 13)
282,distribution covers the amazon to the east of china,it spreads all the way from the himalayas to western china,BLEU = 5.40 44.4/6.2/3.6/2.1 (BP = 0.801 ratio = 0.818 hyp_len = 9 ref_len = 11)
283,his traditional medicine in china bozzo stamboul and hikata,its traditional chinese medicine spleen stomach and liver,BLEU = 6.27 33.3/6.2/3.6/2.1 (BP = 1.000 ratio = 1.125 hyp_len = 9 ref_len = 8)
284,sunny slab was used in the signature of the firm hashing,the single was used in the soundtrack of the movie how she move,BLEU = 23.26 54.5/40.0/22.2/12.5 (BP = 0.834 ratio = 0.846 hyp_len = 11 ref_len = 13)
285,was nominated in the oscar premier,she was nominated to the oscars,BLEU = 17.97 50.0/20.0/12.5/8.3 (BP = 1.000 ratio = 1.000 hyp_len = 6 ref_len = 6)
286,then left domedrico an illegitimate son,he left an illegitimate son sir rodrigo,BLEU = 27.48 66.7/40.0/25.0/16.7 (BP = 0.846 ratio = 0.857 hyp_len = 6 ref_len = 7)
287,that he receipts a third of the reign of praetor,by doing so he received a third of the kingdom of preto,BLEU = 23.80 60.0/33.3/25.0/14.3 (BP = 0.819 ratio = 0.833 hyp_len = 10 ref_len = 12)
288,he went to harvard university where he studied as master to william dense,he was then transferred to harvard university where william james was his teacher,BLEU = 21.40 46.2/25.0/18.2/10.0 (BP = 1.000 ratio = 1.000 hyp_len = 13 ref_len = 13)
289,the supreme court was ratified two years later,the supreme court ratified the ruling two years later,BLEU = 31.71 87.5/57.1/33.3/10.0 (BP = 0.882 ratio = 0.889 hyp_len = 8 ref_len = 9)
290,nevertheless with the exception of jubilee and moses angela saw that she was stunned,no one except for jovita and matías knows that angela survived the fatal attack,BLEU = 4.02 28.6/3.8/2.1/1.1 (BP = 1.000 ratio = 1.000 hyp_len = 14 ref_len = 14)
291,the principal and the final of the poem are not preserved,the beginning and the end of the poem werent kept,BLEU = 18.36 54.5/30.0/11.1/6.2 (BP = 1.000 ratio = 1.100 hyp_len = 11 ref_len = 10)
292,buenos ayres periodically presentations include many impersonal remuneration cases,in buenos aires he does regular presentations and in a lot of the cases without charging anything,BLEU = 2.58 33.3/6.2/3.6/2.1 (BP = 0.411 ratio = 0.529 hyp_len = 9 ref_len = 17)
293,the route is the direction of mind,right side of bain de sang is where the road lies,BLEU = 4.88 42.9/8.3/5.0/3.1 (BP = 0.565 ratio = 0.636 hyp_len = 7 ref_len = 11)
294,this last was recorded in the squadrons studios in derby,the latter was recorded in derby at the square dance studios,BLEU = 18.60 60.0/33.3/12.5/7.1 (BP = 0.905 ratio = 0.909 hyp_len = 10 ref_len = 11)
295,i dont think its a mediate and fervent part of the party,eglantyne however was too sick to participate,BLEU = 0.00 0.0/0.0/0.0/0.0 (BP = 1.000 ratio = 1.714 hyp_len = 12 ref_len = 7)
296,preparation is easy and rapid,the preparation is simple and fast,BLEU = 19.36 60.0/25.0/16.7/12.5 (BP = 0.819 ratio = 0.833 hyp_len = 5 ref_len = 6)
297,great mediterranean secretions are mediated by horns,largely the responses of growth are measured by the hormones,BLEU = 5.09 28.6/8.3/5.0/3.1 (BP = 0.651 ratio = 0.700 hyp_len = 7 ref_len = 10)
298,that same year they made adieu for the united states,on that same year they made a tour on the united states,BLEU = 43.01 80.0/66.7/50.0/28.6 (BP = 0.819 ratio = 0.833 hyp_len = 10 ref_len = 12)
299,the work is a time for painting on the adjacent rivers,the painting is an early one from his period in treviso,BLEU = 4.93 27.3/5.0/2.8/1.6 (BP = 1.000 ratio = 1.000 hyp_len = 11 ref_len = 11)
300,he proceeded to study laboratory and escape,the creature destroys the laboratory and runs away,BLEU = 11.39 28.6/16.7/10.0/6.2 (BP = 0.867 ratio = 0.875 hyp_len = 7 ref_len = 8)
301,barbs cant say i have photos,i love boats do you have any photos,BLEU = 7.65 50.0/10.0/6.2/4.2 (BP = 0.717 ratio = 0.750 hyp_len = 6 ref_len = 8)
302,his concurrence competed for the national title,ten competitors competed for the national title,BLEU = 61.48 71.4/66.7/60.0/50.0 (BP = 1.000 ratio = 1.000 hyp_len = 7 ref_len = 7)
303,is known as the american orchestra academy,the american orchestra academy is its popular name,BLEU = 37.68 71.4/50.0/40.0/25.0 (BP = 0.867 ratio = 0.875 hyp_len = 7 ref_len = 8)
304,this antecedent dialect is known as phosphoresis,its direct precedent is known as the photian schism,BLEU = 18.37 42.9/33.3/20.0/12.5 (BP = 0.751 ratio = 0.778 hyp_len = 7 ref_len = 9)
305,his services for alimentation hospitals posts first auxiliaries police and adjutant,it has food services accommodation care centers first aid police and customs,BLEU = 8.14 36.4/10.0/5.6/3.1 (BP = 0.913 ratio = 0.917 hyp_len = 11 ref_len = 12)
306,it is used in the construction of houses and other structures,its trunk is used to build houses and other structures,BLEU = 27.90 54.5/40.0/22.2/12.5 (BP = 1.000 ratio = 1.100 hyp_len = 11 ref_len = 10)
307,was the period in which japan worked,that was the period in which they started collaborating with japan,BLEU = 36.34 85.7/66.7/60.0/50.0 (BP = 0.565 ratio = 0.636 hyp_len = 7 ref_len = 11)
308,in the immediate conference there was no,everyone was already bored at the middle of the conference,BLEU = 5.63 42.9/8.3/5.0/3.1 (BP = 0.651 ratio = 0.700 hyp_len = 7 ref_len = 10)
309,he concluded that the view however was that the special was cool and impressive,he concluded by saying that the special edition of the review however was cool and awesome,BLEU = 19.38 71.4/46.2/16.7/4.5 (BP = 0.867 ratio = 0.875 hyp_len = 14 ref_len = 16)
310,his moral good is in the transfer of each one of his poems,which you can actually find in the undertone of each of their poems,BLEU = 9.67 46.2/16.7/4.5/2.5 (BP = 1.000 ratio = 1.000 hyp_len = 13 ref_len = 13)
311,apparently he is vocalist of the second hope,he is currently the vocalist of the group the second howl,BLEU = 19.98 75.0/57.1/16.7/10.0 (BP = 0.687 ratio = 0.727 hyp_len = 8 ref_len = 11)
312,the projects generated political objections are held in relative justice,the project arise political objections that where correlate to justice,BLEU = 9.98 40.0/11.1/6.2/3.6 (BP = 1.000 ratio = 1.000 hyp_len = 10 ref_len = 10)
313,these condensed operations finally became known as operation black spot,this clandestine acts were finally known as black spot operation,BLEU = 13.13 60.0/22.2/6.2/3.6 (BP = 1.000 ratio = 1.000 hyp_len = 10 ref_len = 10)
314,his ideas however were generally accepted,his ideas however started to be generally accepted,BLEU = 27.22 83.3/60.0/25.0/16.7 (BP = 0.717 ratio = 0.750 hyp_len = 6 ref_len = 8)
315,he had the intent to offer her to change but she refused the request,sheppard tries to get something in exchange but he doesnt get any answer,BLEU = 3.74 21.4/3.8/2.1/1.1 (BP = 1.000 ratio = 1.077 hyp_len = 14 ref_len = 13)
316,the faces blocked,so the couple gets to be alone,BLEU = 7.25 33.3/25.0/25.0/0.0 (BP = 0.264 ratio = 0.429 hyp_len = 3 ref_len = 7)
317,on the contrary there are others that dont offer the best pronunciation for a few months of life,in contrast others offer a better prognosis than just a few years of life,BLEU = 6.72 33.3/11.8/3.1/1.7 (BP = 1.000 ratio = 1.286 hyp_len = 18 ref_len = 14)
318,the recommended activities of the submarine pesca and the deported or recruit of canna,the recommended activities are underwater fishing sports or recreational using cane,BLEU = 11.36 28.6/15.4/8.3/4.5 (BP = 1.000 ratio = 1.273 hyp_len = 14 ref_len = 11)
319,he tries to register his effect to say that she is now married,he tries to captivate her fondness even though she is now married,BLEU = 27.97 53.8/41.7/27.3/10.0 (BP = 1.000 ratio = 1.083 hyp_len = 13 ref_len = 12)
320,he has been a member of congress and a member of parliament,has been place of congress and worker agitation,BLEU = 15.85 41.7/27.3/10.0/5.6 (BP = 1.000 ratio = 1.500 hyp_len = 12 ref_len = 8)
321,its in me,its in new guinea,BLEU = 39.43 66.7/50.0/50.0/0.0 (BP = 0.717 ratio = 0.750 hyp_len = 3 ref_len = 4)
322,is the origin of the everlasting contour,he is native to the everton quarry,BLEU = 7.81 28.6/8.3/5.0/3.1 (BP = 1.000 ratio = 1.000 hyp_len = 7 ref_len = 7)
323,patients with granulated appetites present generally fibre of unknown origin,the patients with granulomatous hepatitis usually present fever of unknown source,BLEU = 11.36 50.0/22.2/6.2/3.6 (BP = 0.905 ratio = 0.909 hyp_len = 10 ref_len = 11)
324,he later played the seasons with mc cambillo vivesrae,he then played two seasons with the israeli maccabi tel aviv,BLEU = 9.60 55.6/12.5/7.1/4.2 (BP = 0.801 ratio = 0.818 hyp_len = 9 ref_len = 11)
325,is fabricated among others from cacao alosa,it is made of cane or tin among others,BLEU = 10.92 42.9/16.7/10.0/6.2 (BP = 0.751 ratio = 0.778 hyp_len = 7 ref_len = 9)
326,homily that is called musical communication,what is usually called marketable music,BLEU = 9.65 33.3/10.0/6.2/4.2 (BP = 1.000 ratio = 1.000 hyp_len = 6 ref_len = 6)
327,he has had a long conversation,there has been a slight confusion,BLEU = 9.65 33.3/10.0/6.2/4.2 (BP = 1.000 ratio = 1.000 hyp_len = 6 ref_len = 6)
328,attire of the water,i changed my stun laser into kill mode,BLEU = 0.00 0.0/0.0/0.0/0.0 (BP = 0.368 ratio = 0.500 hyp_len = 4 ref_len = 8)
329,he was fresh smear in the musical cabaret in berlin,he was frau schneider on the musical cabaret in berlin,BLEU = 45.18 70.0/55.6/37.5/28.6 (BP = 1.000 ratio = 1.000 hyp_len = 10 ref_len = 10)
330,the duke of northumberland was born in merton college oxford,there in merton college oxford was the earl of northumberland born,BLEU = 31.28 90.0/44.4/25.0/14.3 (BP = 0.905 ratio = 0.909 hyp_len = 10 ref_len = 11)
331,the entrance door has a mediaeval tone,the entrance door has a medieval touch,BLEU = 61.48 71.4/66.7/60.0/50.0 (BP = 1.000 ratio = 1.000 hyp_len = 7 ref_len = 7)
332,specially when the hollanders started the commercial colony of el cappo,especially when the dutch started to populate their trade cape colony,BLEU = 8.91 36.4/10.0/5.6/3.1 (BP = 1.000 ratio = 1.000 hyp_len = 11 ref_len = 11)
333,the green leaves are usually covered generally,the vegetables are normally used after been cooked,BLEU = 6.77 28.6/8.3/5.0/3.1 (BP = 0.867 ratio = 0.875 hyp_len = 7 ref_len = 8)
334,he directed the argentine selection and evolution,he managed the argentine team for a short period,BLEU = 10.92 42.9/16.7/10.0/6.2 (BP = 0.751 ratio = 0.778 hyp_len = 7 ref_len = 9)
335,the cause of his death was a pulmonary affection,the cause of his death was pulmonary emphysema,BLEU = 61.05 77.8/62.5/57.1/50.0 (BP = 1.000 ratio = 1.125 hyp_len = 9 ref_len = 8)
336,disagreement often caused the operations of the mexican empire,this agreement also did not stop the operations of the mexican empire,BLEU = 42.09 66.7/62.5/57.1/50.0 (BP = 0.717 ratio = 0.750 hyp_len = 9 ref_len = 12)
337,they are more frequent in area of commercial waters,they are more frequent in commercial or touristic areas,BLEU = 46.71 66.7/50.0/42.9/33.3 (BP = 1.000 ratio = 1.000 hyp_len = 9 ref_len = 9)
338,from then on he became the russians,from that moment on it would belong the russian tsars,BLEU = 5.63 42.9/8.3/5.0/3.1 (BP = 0.651 ratio = 0.700 hyp_len = 7 ref_len = 10)
339,he is the suffragan of the metropolitan province of baltimore,its suffragan of the metropolitan province of baltimore,BLEU = 63.89 70.0/66.7/62.5/57.1 (BP = 1.000 ratio = 1.250 hyp_len = 10 ref_len = 8)
340,the level of recognition is an individual characteristic of the past,the level of the need for cognitive closure is a quite stable personal feature,BLEU = 13.35 45.5/30.0/11.1/6.2 (BP = 0.761 ratio = 0.786 hyp_len = 11 ref_len = 14)
341,presently he is appointed president donaldson,currently he works with president donald trump as his attorney,BLEU = 4.96 33.3/10.0/6.2/4.2 (BP = 0.513 ratio = 0.600 hyp_len = 6 ref_len = 10)
342,this contract expired at the end of the season the club decided not to renew it,when his contract expired at the end of the season the club decided not to renovate it,BLEU = 75.76 87.5/80.0/78.6/76.9 (BP = 0.939 ratio = 0.941 hyp_len = 16 ref_len = 17)
343,the incendiary of pervert era was the goal of the olympic medalist silvia,the ignition of the cauldron was in charge of the olympic medalist sylvia poll,BLEU = 21.29 61.5/25.0/18.2/10.0 (BP = 0.926 ratio = 0.929 hyp_len = 13 ref_len = 14)
344,the coroner would be able to take the fruits of the disinformation without reforming,horner kept happily harvesting the fruits of the widespread disinformation without reform,BLEU = 21.14 42.9/30.8/16.7/9.1 (BP = 1.000 ratio = 1.167 hyp_len = 14 ref_len = 12)
345,to your correspondence to the gothic style,the interior corresponds to the typical gothic style,BLEU = 16.10 57.1/33.3/10.0/6.2 (BP = 0.867 ratio = 0.875 hyp_len = 7 ref_len = 8)
346,nevertheless the number of pairs was descended until it disappeared,unfortunately the amount of stops was decreasing until it disappeared,BLEU = 18.58 60.0/22.2/12.5/7.1 (BP = 1.000 ratio = 1.000 hyp_len = 10 ref_len = 10)
347,in the last years of the mans existence,he took a step back from the band in recent years,BLEU = 5.00 37.5/7.1/4.2/2.5 (BP = 0.687 ratio = 0.727 hyp_len = 8 ref_len = 11)
348,he is a member of a republican party,she is affiliated with the republican party,BLEU = 12.22 37.5/14.3/8.3/5.0 (BP = 1.000 ratio = 1.143 hyp_len = 8 ref_len = 7)
349,very much of the reconstruction of the metropolitan cathedral,viceroy amar embarked on the reconstruction of the metropolitan cathedral,BLEU = 52.56 66.7/62.5/57.1/50.0 (BP = 0.895 ratio = 0.900 hyp_len = 9 ref_len = 10)
350,hes as monsoon formed a parish of carmelite pater and remained a time in france,jesús monzon and carmen de pedro were a couple and agreed to stay in france for some time,BLEU = 5.41 33.3/7.1/3.8/2.1 (BP = 0.819 ratio = 0.833 hyp_len = 15 ref_len = 18)
351,is the county seat of macon,it is the head office of macomb county,BLEU = 13.83 66.7/20.0/12.5/8.3 (BP = 0.717 ratio = 0.750 hyp_len = 6 ref_len = 8)
352,during the movie several sounds can be heard,it was possible to listen to several pieces of music during the movie,BLEU = 11.82 50.0/28.6/16.7/10.0 (BP = 0.535 ratio = 0.615 hyp_len = 8 ref_len = 13)
353,the sexual union really had a place in the case of so broad a prostitution,this sexual union was actually taking place in the case of sacred prostitution,BLEU = 29.26 53.3/35.7/23.1/16.7 (BP = 1.000 ratio = 1.154 hyp_len = 15 ref_len = 13)
354,he was a register and an oracle of his natal community so far as he was elected,he was a councilor and mayor of his homegrown commune also he as a deputy,BLEU = 12.04 47.1/18.8/6.7/3.6 (BP = 1.000 ratio = 1.133 hyp_len = 17 ref_len = 15)
355,and ill bet theyve reached the language,san alfio tongues was ripped off,BLEU = 0.00 0.0/0.0/0.0/0.0 (BP = 1.000 ratio = 1.167 hyp_len = 7 ref_len = 6)
356,the oxides and carbonates reduced to carbon,the oxides and carbonates are reduced with carbon,BLEU = 39.44 85.7/50.0/40.0/25.0 (BP = 0.867 ratio = 0.875 hyp_len = 7 ref_len = 8)
357,there is a day to go to various shows and exhibitions,nowadays it houses several showings and exhibitions,BLEU = 7.50 18.2/10.0/5.6/3.1 (BP = 1.000 ratio = 1.571 hyp_len = 11 ref_len = 7)
358,hare registered eight calls and his assistants during the month,herrera registered eight goals and two assists during the month,BLEU = 20.56 60.0/33.3/12.5/7.1 (BP = 1.000 ratio = 1.000 hyp_len = 10 ref_len = 10)
359,during the institute he was the recruit of his theater,during her stay at the institute she was cheerleader and choir singer of the theater club,BLEU = 6.30 70.0/11.1/6.2/3.6 (BP = 0.549 ratio = 0.625 hyp_len = 10 ref_len = 16)
360,travels to madrid toledo and dalmatia and recovers his passion for paint,they travel through madrid toledo and aranjuez and recover their passion for painting,BLEU = 15.26 50.0/27.3/10.0/5.6 (BP = 0.920 ratio = 0.923 hyp_len = 12 ref_len = 13)
361,first provincial and municipal secretaries of the municipal political authority,the first provincial and municipal secretaries are the main local political authority,BLEU = 38.25 80.0/55.6/37.5/28.6 (BP = 0.819 ratio = 0.833 hyp_len = 10 ref_len = 12)
362,the person who insinuated the dates was the captain of the maria des tours,the person that supply the data was captain tormo rico destined in melilla,BLEU = 7.14 35.7/7.7/4.2/2.3 (BP = 1.000 ratio = 1.077 hyp_len = 14 ref_len = 13)
363,previously committed to colossal spain,she was briefly engaged to charles the first of spain,BLEU = 4.67 40.0/12.5/8.3/6.2 (BP = 0.368 ratio = 0.500 hyp_len = 5 ref_len = 10)
364,this literary critic is notable for his stylish visions as to a boy nabberkov,his book critics are remarkable because of their tough approach towards vladimir nabokov,BLEU = 2.84 7.1/3.8/2.1/1.1 (BP = 1.000 ratio = 1.077 hyp_len = 14 ref_len = 13)
365,his first call marked the general,his first goal he scored it to gral,BLEU = 11.63 33.3/20.0/12.5/8.3 (BP = 0.717 ratio = 0.750 hyp_len = 6 ref_len = 8)
366,is also migratory to the north and south extremities of its distribution,it is also migratory at the northern and southern ends of the distribution range,BLEU = 13.19 58.3/18.2/10.0/5.6 (BP = 0.846 ratio = 0.857 hyp_len = 12 ref_len = 14)
367,they mixed matrimonials with catholic argentine or cohorts,the mixed marriage with catholic argentinians are common,BLEU = 12.22 37.5/14.3/8.3/5.0 (BP = 1.000 ratio = 1.000 hyp_len = 8 ref_len = 8)
368,argyle was born in leamington spake delaware of frederic halberts and alice roberts,marjorie was born in leamington spa her parents were frederick augusts a jeweler and alice roberts,BLEU = 22.20 53.8/41.7/27.3/10.0 (BP = 0.794 ratio = 0.812 hyp_len = 13 ref_len = 16)
369,he made trainings for the season but he was not considered the argentinian champion,he trained during the preseason though was not considered to be in the argentinian tournament,BLEU = 13.46 50.0/23.1/8.3/4.5 (BP = 0.931 ratio = 0.933 hyp_len = 14 ref_len = 15)
370,hes a chew of crania or semi perennial water,thats an evergreen or half evergreen plant,BLEU = 4.77 11.1/6.2/3.6/2.1 (BP = 1.000 ratio = 1.286 hyp_len = 9 ref_len = 7)
371,here is a tourist attraction,today it is a touristic attraction,BLEU = 19.36 60.0/25.0/16.7/12.5 (BP = 0.819 ratio = 0.833 hyp_len = 5 ref_len = 6)
372,he played it for occasions in the argentine cyclopaedia,he played four times in the argentinean chess championship,BLEU = 13.49 44.4/25.0/7.1/4.2 (BP = 1.000 ratio = 1.000 hyp_len = 9 ref_len = 9)
373,members of the band sang together with the psalm while the medium leader,with the members of the band singing together a song while he led,BLEU = 24.71 61.5/33.3/18.2/10.0 (BP = 1.000 ratio = 1.000 hyp_len = 13 ref_len = 13)
374,during this concept it is located on the same level as the escribers amateurs and professionals,under the concept it is located in the same level of amateurs and professional writers,BLEU = 25.34 62.5/40.0/21.4/7.7 (BP = 1.000 ratio = 1.067 hyp_len = 16 ref_len = 15)
375,nor were you going to stay with your sisters,no did you kiss ulises,BLEU = 4.77 11.1/6.2/3.6/2.1 (BP = 1.000 ratio = 1.800 hyp_len = 9 ref_len = 5)
376,in this city he founded the catholic magazine opposed to his own,the catholic magazine el pan del rosario was founded in that city,BLEU = 14.99 50.0/18.2/10.0/5.6 (BP = 1.000 ratio = 1.000 hyp_len = 12 ref_len = 12)
377,his dialogue open to the public,its open daily to the public,BLEU = 32.47 66.7/40.0/25.0/16.7 (BP = 1.000 ratio = 1.000 hyp_len = 6 ref_len = 6)
378,he treats his relations with three men,it concerns a young widow and her relationships with three men,BLEU = 13.81 42.9/33.3/20.0/12.5 (BP = 0.565 ratio = 0.636 hyp_len = 7 ref_len = 11)
379,originally the stuarts were all made of wood,originally the skiing boards were a unique piece made out of wood,BLEU = 10.48 75.0/28.6/8.3/5.0 (BP = 0.607 ratio = 0.667 hyp_len = 8 ref_len = 12)
380,at the same time he is occasionally a commentator of the grotto of hispaniola,nowadays once in a while he is a commentator in the croatian and italian television,BLEU = 7.91 35.7/15.4/4.2/2.3 (BP = 0.931 ratio = 0.933 hyp_len = 14 ref_len = 15)
381,i dont like it any more i am in the centre of the day,he doesnt like at all to go to the center on daylight,BLEU = 3.38 14.3/3.8/2.1/1.1 (BP = 1.000 ratio = 1.167 hyp_len = 14 ref_len = 12)
382,besides mister gordons,under mr orders,BLEU = 0.00 0.0/0.0/0.0/0.0 (BP = 1.000 ratio = 1.000 hyp_len = 3 ref_len = 3)
383,at the door of the street they went up and down,the fate of the traveler accurate and prompt,BLEU = 8.91 36.4/10.0/5.6/3.1 (BP = 1.000 ratio = 1.375 hyp_len = 11 ref_len = 8)
384,the music was composed by random,randy newman composed the music,BLEU = 17.97 50.0/20.0/12.5/8.3 (BP = 1.000 ratio = 1.200 hyp_len = 6 ref_len = 5)
385,all of a sudden he asked for a divorce,he walked like a blind person because he had gotten pretty wasted,BLEU = 4.06 22.2/6.2/3.6/2.1 (BP = 0.717 ratio = 0.750 hyp_len = 9 ref_len = 12)
386,he studied law before he was born,he studied law while he was a teacher,BLEU = 26.65 71.4/50.0/20.0/12.5 (BP = 0.867 ratio = 0.875 hyp_len = 7 ref_len = 8)
387,he escapes the stairs,he then runs away by the upper stairs,BLEU = 7.73 75.0/16.7/12.5/12.5 (BP = 0.368 ratio = 0.500 hyp_len = 4 ref_len = 8)
388,for the first time in collectivities the public can be limited,for the first time in the community the number of people was limited,BLEU = 31.82 63.6/40.0/33.3/25.0 (BP = 0.834 ratio = 0.846 hyp_len = 11 ref_len = 13)
389,it is covered with palm trees,the island is covered with palm trees,BLEU = 64.32 83.3/80.0/75.0/66.7 (BP = 0.846 ratio = 0.857 hyp_len = 6 ref_len = 7)
390,he plays a central player and his first team of central gourd gourds area,he plays as central wing and his first team was central córdoba of rosario,BLEU = 23.40 64.3/30.8/16.7/9.1 (BP = 1.000 ratio = 1.000 hyp_len = 14 ref_len = 14)
391,study of the like many other artists can be destroyed,lius study as well as many others was destroyed,BLEU = 5.52 30.0/5.6/3.1/1.8 (BP = 1.000 ratio = 1.111 hyp_len = 10 ref_len = 9)
392,will be our destiny,you will see it is our destiny,BLEU = 16.70 75.0/33.3/25.0/25.0 (BP = 0.472 ratio = 0.571 hyp_len = 4 ref_len = 7)
393,he is found in africa geneva liberia and canada,it is found in africa guinea liberia sierra leona ghana and togo,BLEU = 23.67 66.7/37.5/28.6/16.7 (BP = 0.717 ratio = 0.750 hyp_len = 9 ref_len = 12)
394,he was one of the pioneers introduced with her in spain,he was one of the pioneers in spain on the introduction of twitter,BLEU = 43.30 72.7/60.0/44.4/37.5 (BP = 0.834 ratio = 0.846 hyp_len = 11 ref_len = 13)
395,david got his habitual collaborator chrysalis is the main vocalist,david guettas regular collaborator chris willis is the lead singer,BLEU = 9.98 40.0/11.1/6.2/3.6 (BP = 1.000 ratio = 1.000 hyp_len = 10 ref_len = 10)
396,characters debate about the morality of going back,the characters discuss the morality of turning jack in,BLEU = 19.49 50.0/28.6/16.7/10.0 (BP = 0.882 ratio = 0.889 hyp_len = 8 ref_len = 9)
397,however the psalm has disappeared,however for now the music has vanished,BLEU = 9.42 60.0/12.5/8.3/6.2 (BP = 0.670 ratio = 0.714 hyp_len = 5 ref_len = 7)
398,heaven and his armistice were at an end,he talked about kevin and their friendship while they were in the institute,BLEU = 3.52 25.0/7.1/4.2/2.5 (BP = 0.535 ratio = 0.615 hyp_len = 8 ref_len = 13)
399,he is considered a prodigious actor of senior gentility,it is consider as a prestigious argentinian movie actor,BLEU = 6.27 33.3/6.2/3.6/2.1 (BP = 1.000 ratio = 1.000 hyp_len = 9 ref_len = 9)
